Year,"Country of Asylum","Country of Origin","Country of Asylum ISO","Country of Origin ISO",Refugees,Asylum-seekers,IDPs,"Other people in need of international protection","Stateless persons","Host community","Others of concern"
2010,Argentina,Ukraine,ARG,UKR,19,0,0,0,0,0,0
2010,Australia,Ukraine,AUS,UKR,42,10,0,0,0,0,0
2010,Austria,Ukraine,AUT,UKR,282,238,0,0,0,0,0
2010,Belgium,Ukraine,BEL,UKR,86,0,0,0,0,0,0
2010,Bulgaria,Ukraine,BGR,UKR,0,8,0,0,0,0,0
2010,Canada,Ukraine,CAN,UKR,1871,341,0,0,0,0,0
2010,"Costa Rica",Ukraine,CRI,UKR,18,0,0,0,0,0,0
2010,Cyprus,Ukraine,CYP,UKR,28,71,0,0,0,0,0
2010,Czechia,Ukraine,CZE,UKR,94,131,0,0,0,0,0
2010,Denmark,Ukraine,DNK,UKR,19,6,0,0,0,0,0
2010,Finland,Ukraine,FIN,UKR,15,5,0,0,0,0,0
2010,France,Ukraine,FRA,UKR,712,0,0,0,0,0,0
2010,"United Kingdom of Great Britain and Northern Ireland",Ukraine,GBR,UKR,284,0,0,0,0,0,0
2010,Germany,Ukraine,DEU,UKR,19398,94,0,0,0,0,0
2010,Greece,Ukraine,GRC,UKR,5,78,0,0,0,0,0
2010,Hungary,Ukraine,HUN,UKR,44,7,0,0,0,0,0
2010,Ireland,Ukraine,IRL,UKR,187,30,0,0,0,0,0
2010,Italy,Ukraine,ITA,UKR,71,6,0,0,0,0,0
2010,"Rep. of Moldova",Ukraine,MDA,UKR,0,11,0,0,0,0,0
2010,"Netherlands (Kingdom of the)",Ukraine,NLD,UKR,124,15,0,0,0,0,0
2010,Norway,Ukraine,NOR,UKR,70,0,0,0,0,0,0
2010,Poland,Ukraine,POL,UKR,20,16,0,0,0,0,0
2010,Romania,Ukraine,ROU,UKR,0,5,0,0,0,0,0
2010,"Russian Federation",Ukraine,RUS,UKR,15,6,0,0,0,0,0
2010,Spain,Ukraine,ESP,UKR,25,0,0,0,0,0,0
2010,Slovakia,Ukraine,SVK,UKR,17,0,0,0,0,0,0
2010,Sweden,Ukraine,SWE,UKR,140,111,0,0,0,0,0
2010,Switzerland,Ukraine,CHE,UKR,29,12,0,0,0,0,0
2010,Uruguay,Ukraine,URY,UKR,12,0,0,0,0,0,0
2010,"United States of America",Ukraine,USA,UKR,1475,49,0,0,0,0,0
2011,Argentina,Ukraine,ARG,UKR,18,7,0,0,0,0,0
2011,Australia,Ukraine,AUS,UKR,40,6,0,0,0,0,0
2011,Austria,Ukraine,AUT,UKR,308,141,0,0,0,0,0
2011,Belgium,Ukraine,BEL,UKR,84,54,0,0,0,0,0
2011,Canada,Ukraine,CAN,UKR,1788,283,0,0,0,0,0
2011,"Costa Rica",Ukraine,CRI,UKR,18,0,0,0,0,0,0
2011,Cyprus,Ukraine,CYP,UKR,28,60,0,0,0,0,0
2011,Czechia,Ukraine,CZE,UKR,94,0,0,0,0,0,0
2011,Denmark,Ukraine,DNK,UKR,10,0,0,0,0,0,0
2011,Finland,Ukraine,FIN,UKR,11,0,0,0,0,0,0
2011,France,Ukraine,FRA,UKR,716,0,0,0,0,0,0
2011,"United Kingdom of Great Britain and Northern Ireland",Ukraine,GBR,UKR,252,39,0,0,0,0,0
2011,Germany,Ukraine,DEU,UKR,19922,70,0,0,0,0,0
2011,Greece,Ukraine,GRC,UKR,5,0,0,0,0,0,0
2011,Croatia,Ukraine,HRV,UKR,0,5,0,0,0,0,0
2011,Hungary,Ukraine,HUN,UKR,44,0,0,0,0,0,0
2011,Ireland,Ukraine,IRL,UKR,175,43,0,0,0,0,0
2011,Italy,Ukraine,ITA,UKR,60,0,0,0,0,0,0
2011,"Netherlands (Kingdom of the)",Ukraine,NLD,UKR,103,28,0,0,0,0,0
2011,Norway,Ukraine,NOR,UKR,12,5,0,0,0,0,0
2011,Poland,Ukraine,POL,UKR,25,52,0,0,0,0,0
2011,Portugal,Ukraine,PRT,UKR,0,5,0,0,0,0,0
2011,Romania,Ukraine,ROU,UKR,0,6,0,0,0,0,0
2011,"Russian Federation",Ukraine,RUS,UKR,5,8,0,0,0,0,0
2011,Spain,Ukraine,ESP,UKR,18,0,0,0,0,0,0
2011,Slovakia,Ukraine,SVK,UKR,17,0,0,0,0,0,0
2011,Sweden,Ukraine,SWE,UKR,118,140,0,0,0,0,0
2011,Switzerland,Ukraine,CHE,UKR,26,13,0,0,0,0,0
2011,Uruguay,Ukraine,URY,UKR,12,0,0,0,0,0,0
2011,"United States of America",Ukraine,USA,UKR,1463,74,0,0,0,0,0
2012,Argentina,Ukraine,ARG,UKR,18,13,0,0,0,0,0
2012,Australia,Ukraine,AUS,UKR,26,16,0,0,0,0,0
2012,Austria,Ukraine,AUT,UKR,309,131,0,0,0,0,0
2012,Belgium,Ukraine,BEL,UKR,85,32,0,0,0,0,0
2012,Belarus,Ukraine,BLR,UKR,0,5,0,0,0,0,0
2012,Canada,Ukraine,CAN,UKR,1737,310,0,0,0,0,0
2012,"Costa Rica",Ukraine,CRI,UKR,18,0,0,0,0,0,0
2012,Cyprus,Ukraine,CYP,UKR,28,11,0,0,0,0,0
2012,Czechia,Ukraine,CZE,UKR,105,43,0,0,0,0,0
2012,Denmark,Ukraine,DNK,UKR,9,5,0,0,0,0,0
2012,Finland,Ukraine,FIN,UKR,8,15,0,0,0,0,0
2012,France,Ukraine,FRA,UKR,719,0,0,0,0,0,0
2012,"United Kingdom of Great Britain and Northern Ireland",Ukraine,GBR,UKR,192,52,0,0,0,0,0
2012,Germany,Ukraine,DEU,UKR,20059,158,0,0,0,0,0
2012,Greece,Ukraine,GRC,UKR,5,0,0,0,0,0,0
2012,Croatia,Ukraine,HRV,UKR,5,0,0,0,0,0,0
2012,Hungary,Ukraine,HUN,UKR,41,0,0,0,0,0,0
2012,Ireland,Ukraine,IRL,UKR,134,40,0,0,0,0,0
2012,Italy,Ukraine,ITA,UKR,60,13,0,0,0,0,0
2012,Liechtenstein,Ukraine,LIE,UKR,0,5,0,0,0,0,0
2012,Lithuania,Ukraine,LTU,UKR,5,0,0,0,0,0,0
2012,"Netherlands (Kingdom of the)",Ukraine,NLD,UKR,74,28,0,0,0,0,0
2012,Norway,Ukraine,NOR,UKR,5,25,0,0,0,0,0
2012,Poland,Ukraine,POL,UKR,25,38,0,0,0,0,0
2012,Portugal,Ukraine,PRT,UKR,0,5,0,0,0,0,0
2012,"Russian Federation",Ukraine,RUS,UKR,5,6,0,0,0,0,0
2012,Spain,Ukraine,ESP,UKR,10,15,0,0,0,0,0
2012,Slovakia,Ukraine,SVK,UKR,17,0,0,0,0,0,0
2012,Sweden,Ukraine,SWE,UKR,111,87,0,0,0,0,0
2012,Switzerland,Ukraine,CHE,UKR,16,24,0,0,0,0,0
2012,Uruguay,Ukraine,URY,UKR,11,0,0,0,0,0,0
2012,"United States of America",Ukraine,USA,UKR,1411,132,0,0,0,0,0
2013,Argentina,Ukraine,ARG,UKR,24,7,0,0,0,0,0
2013,Australia,Ukraine,AUS,UKR,20,14,0,0,0,0,0
2013,Austria,Ukraine,AUT,UKR,311,125,0,0,0,0,0
2013,Belgium,Ukraine,BEL,UKR,33,22,0,0,0,0,0
2013,Canada,Ukraine,CAN,UKR,1605,243,0,0,0,0,0
2013,"Costa Rica",Ukraine,CRI,UKR,18,0,0,0,0,0,0
2013,Cyprus,Ukraine,CYP,UKR,28,5,0,0,0,0,0
2013,Czechia,Ukraine,CZE,UKR,110,26,0,0,0,0,0
2013,Denmark,Ukraine,DNK,UKR,16,15,0,0,0,0,0
2013,Finland,Ukraine,FIN,UKR,5,6,0,0,0,0,0
2013,France,Ukraine,FRA,UKR,732,57,0,0,0,0,0
2013,"United Kingdom of Great Britain and Northern Ireland",Ukraine,GBR,UKR,124,68,0,0,0,0,0
2013,Germany,Ukraine,DEU,UKR,261,259,0,0,0,0,0
2013,Greece,Ukraine,GRC,UKR,6,110,0,0,0,0,0
2013,Croatia,Ukraine,HRV,UKR,5,0,0,0,0,0,0
2013,Hungary,Ukraine,HUN,UKR,9,5,0,0,0,0,0
2013,Ireland,Ukraine,IRL,UKR,104,40,0,0,0,0,0
2013,Italy,Ukraine,ITA,UKR,77,5,0,0,0,0,0
2013,Lebanon,Ukraine,LBN,UKR,0,0,0,0,0,0,6
2013,Lithuania,Ukraine,LTU,UKR,6,0,0,0,0,0,0
2013,Luxembourg,Ukraine,LUX,UKR,5,5,0,0,0,0,0
2013,"Netherlands (Kingdom of the)",Ukraine,NLD,UKR,63,0,0,0,0,0,0
2013,Norway,Ukraine,NOR,UKR,9,8,0,0,0,0,0
2013,Poland,Ukraine,POL,UKR,39,25,0,0,0,0,0
2013,Portugal,Ukraine,PRT,UKR,0,5,0,0,0,0,0
2013,"Russian Federation",Ukraine,RUS,UKR,5,10,0,0,0,0,0
2013,Spain,Ukraine,ESP,UKR,6,9,0,0,0,0,0
2013,Slovakia,Ukraine,SVK,UKR,17,0,0,0,0,0,0
2013,Sweden,Ukraine,SWE,UKR,107,92,0,0,0,0,0
2013,Switzerland,Ukraine,CHE,UKR,19,23,0,0,0,0,0
2013,Uruguay,Ukraine,URY,UKR,11,0,0,0,0,0,0
2013,"United States of America",Ukraine,USA,UKR,1379,447,0,0,0,0,0
2014,Argentina,Ukraine,ARG,UKR,24,89,0,0,0,0,0
2014,Armenia,Ukraine,ARM,UKR,43,27,0,0,0,0,0
2014,Australia,Ukraine,AUS,UKR,22,59,0,0,0,0,0
2014,Austria,Ukraine,AUT,UKR,300,0,0,0,0,0,0
2014,Azerbaijan,Ukraine,AZE,UKR,0,12,0,0,0,0,0
2014,Belgium,Ukraine,BEL,UKR,33,269,0,0,0,0,0
2014,Belarus,Ukraine,BLR,UKR,284,167,0,0,0,0,0
2014,Brazil,Ukraine,BRA,UKR,0,18,0,0,0,0,0
2014,Bulgaria,Ukraine,BGR,UKR,0,36,0,0,0,0,0
2014,Canada,Ukraine,CAN,UKR,1468,158,0,0,0,0,0
2014,Chile,Ukraine,CHL,UKR,0,6,0,0,0,0,0
2014,"Costa Rica",Ukraine,CRI,UKR,21,5,0,0,0,0,0
2014,Cyprus,Ukraine,CYP,UKR,29,89,0,0,0,0,0
2014,Czechia,Ukraine,CZE,UKR,292,174,0,0,0,0,0
2014,Denmark,Ukraine,DNK,UKR,12,47,0,0,0,0,0
2014,Estonia,Ukraine,EST,UKR,0,44,0,0,0,0,0
2014,Fiji,Ukraine,FJI,UKR,0,6,0,0,0,0,0
2014,Finland,Ukraine,FIN,UKR,9,54,0,0,0,0,0
2014,France,Ukraine,FRA,UKR,737,1239,0,0,0,0,0
2014,"United Kingdom of Great Britain and Northern Ireland",Ukraine,GBR,UKR,85,187,0,0,0,0,0
2014,Georgia,Ukraine,GEO,UKR,0,354,0,0,0,0,0
2014,Germany,Ukraine,DEU,UKR,299,2772,0,0,0,0,0
2014,Greece,Ukraine,GRC,UKR,10,48,0,0,0,0,0
2014,Croatia,Ukraine,HRV,UKR,5,5,0,0,0,0,0
2014,Hungary,Ukraine,HUN,UKR,10,7,0,0,0,0,0
2014,Iceland,Ukraine,ISL,UKR,6,10,0,0,0,0,0
2014,India,Ukraine,IND,UKR,0,5,0,0,0,0,0
2014,Ireland,Ukraine,IRL,UKR,97,57,0,0,0,0,0
2014,Italy,Ukraine,ITA,UKR,236,1556,0,0,0,0,0
2014,Jordan,Ukraine,JOR,UKR,0,5,0,0,0,0,0
2014,Kazakhstan,Ukraine,KAZ,UKR,0,21,0,0,0,0,0
2014,Kyrgyzstan,Ukraine,KGZ,UKR,0,18,0,0,0,0,0
2014,"Rep. of Korea",Ukraine,KOR,UKR,0,7,0,0,0,0,0
2014,Lebanon,Ukraine,LBN,UKR,0,5,0,0,0,0,5
2014,Lithuania,Ukraine,LTU,UKR,34,21,0,0,0,0,0
2014,Luxembourg,Ukraine,LUX,UKR,5,22,0,0,0,0,0
2014,Latvia,Ukraine,LVA,UKR,0,52,0,0,0,0,0
2014,"Rep. of Moldova",Ukraine,MDA,UKR,17,83,0,0,0,0,0
2014,Mexico,Ukraine,MEX,UKR,0,10,0,0,0,0,0
2014,Malta,Ukraine,MLT,UKR,27,5,0,0,0,0,0
2014,"Netherlands (Kingdom of the)",Ukraine,NLD,UKR,52,105,0,0,0,0,0
2014,Norway,Ukraine,NOR,UKR,8,39,0,0,0,0,0
2014,Peru,Ukraine,PER,UKR,5,0,0,0,0,0,0
2014,Poland,Ukraine,POL,UKR,35,1077,0,0,0,0,0
2014,Portugal,Ukraine,PRT,UKR,16,137,0,0,0,0,0
2014,Romania,Ukraine,ROU,UKR,13,10,0,0,0,0,0
2014,"South Africa",Ukraine,ZAF,UKR,8,5,0,0,0,0,0
2014,"Russian Federation",Ukraine,RUS,UKR,231787,2229,0,0,0,0,0
2014,Spain,Ukraine,ESP,UKR,5,689,0,0,0,0,0
2014,"Serbia and Kosovo: S/RES/1244 (1999)",Ukraine,SRB,UKR,0,5,0,0,0,0,0
2014,Slovakia,Ukraine,SVK,UKR,17,0,0,0,0,0,0
2014,Slovenia,Ukraine,SVN,UKR,0,8,0,0,0,0,0
2014,Sweden,Ukraine,SWE,UKR,114,1094,0,0,0,0,0
2014,Switzerland,Ukraine,CHE,UKR,17,132,0,0,0,0,0
2014,Ukraine,Ukraine,UKR,UKR,0,0,823000,0,0,0,0
2014,Uruguay,Ukraine,URY,UKR,11,0,0,0,0,0,0
2014,"United States of America",Ukraine,USA,UKR,1424,1806,0,0,0,0,0
2015,Argentina,Ukraine,ARG,UKR,44,146,0,0,0,0,0
2015,Armenia,Ukraine,ARM,UKR,109,0,0,0,0,0,0
2015,Australia,Ukraine,AUS,UKR,21,68,0,0,0,0,0
2015,Austria,Ukraine,AUT,UKR,287,756,0,0,0,0,0
2015,Azerbaijan,Ukraine,AZE,UKR,15,0,0,0,0,0,0
2015,Belgium,Ukraine,BEL,UKR,122,234,0,0,0,0,0
2015,Belarus,Ukraine,BLR,UKR,1089,209,0,0,0,0,0
2015,Brazil,Ukraine,BRA,UKR,5,45,0,0,0,0,0
2015,Bulgaria,Ukraine,BGR,UKR,0,75,0,0,0,0,0
2015,Canada,Ukraine,CAN,UKR,1314,236,0,0,0,0,0
2015,Chile,Ukraine,CHL,UKR,0,8,0,0,0,0,0
2015,"Costa Rica",Ukraine,CRI,UKR,12,5,0,0,0,0,0
2015,Cyprus,Ukraine,CYP,UKR,29,125,0,0,0,0,0
2015,Czechia,Ukraine,CZE,UKR,444,241,0,0,0,0,0
2015,Denmark,Ukraine,DNK,UKR,15,49,0,0,0,0,0
2015,"Dominican Rep.",Ukraine,DOM,UKR,0,5,0,0,0,0,0
2015,Estonia,Ukraine,EST,UKR,59,33,0,0,0,0,0
2015,Fiji,Ukraine,FJI,UKR,0,6,0,0,0,0,0
2015,Finland,Ukraine,FIN,UKR,10,44,0,0,0,0,0
2015,France,Ukraine,FRA,UKR,1038,1533,0,0,0,0,0
2015,"United Kingdom of Great Britain and Northern Ireland",Ukraine,GBR,UKR,85,139,0,0,0,0,0
2015,Georgia,Ukraine,GEO,UKR,668,38,0,0,0,0,0
2015,Germany,Ukraine,DEU,UKR,320,6628,0,0,0,0,0
2015,Greece,Ukraine,GRC,UKR,85,124,0,0,0,0,0
2015,Croatia,Ukraine,HRV,UKR,5,5,0,0,0,0,0
2015,Hungary,Ukraine,HUN,UKR,17,11,0,0,0,0,0
2015,Iceland,Ukraine,ISL,UKR,12,0,0,0,0,0,0
2015,India,Ukraine,IND,UKR,0,13,0,0,0,0,0
2015,Ireland,Ukraine,IRL,UKR,103,91,0,0,0,0,0
2015,Italy,Ukraine,ITA,UKR,1870,3106,0,0,0,0,0
2015,Jordan,Ukraine,JOR,UKR,0,25,0,0,0,0,0
2015,Japan,Ukraine,JPN,UKR,0,22,0,0,0,0,0
2015,Kazakhstan,Ukraine,KAZ,UKR,0,18,0,0,0,0,0
2015,Kyrgyzstan,Ukraine,KGZ,UKR,10,10,0,0,0,0,0
2015,"Rep. of Korea",Ukraine,KOR,UKR,5,17,0,0,0,0,0
2015,Kuwait,Ukraine,KWT,UKR,0,5,0,0,0,0,0
2015,Lebanon,Ukraine,LBN,UKR,0,0,0,0,0,0,5
2015,Liechtenstein,Ukraine,LIE,UKR,0,10,0,0,0,0,0
2015,Lithuania,Ukraine,LTU,UKR,60,13,0,0,0,0,0
2015,Luxembourg,Ukraine,LUX,UKR,6,26,0,0,0,0,0
2015,Latvia,Ukraine,LVA,UKR,0,5,0,0,0,0,0
2015,Mauritania,Ukraine,MRT,UKR,5,0,0,0,0,0,0
2015,"Rep. of Moldova",Ukraine,MDA,UKR,102,51,0,0,0,0,0
2015,Mexico,Ukraine,MEX,UKR,5,0,0,0,0,0,0
2015,Montenegro,Ukraine,MNE,UKR,0,7,0,0,0,0,0
2015,Malta,Ukraine,MLT,UKR,78,23,0,0,0,0,0
2015,"Netherlands (Kingdom of the)",Ukraine,NLD,UKR,39,315,0,0,0,0,0
2015,Norway,Ukraine,NOR,UKR,0,35,0,0,0,0,0
2015,Peru,Ukraine,PER,UKR,11,0,0,0,0,0,0
2015,Poland,Ukraine,POL,UKR,41,719,0,0,0,0,0
2015,Portugal,Ukraine,PRT,UKR,134,219,0,0,0,0,0
2015,Romania,Ukraine,ROU,UKR,37,9,0,0,0,0,0
2015,"South Africa",Ukraine,ZAF,UKR,8,13,0,0,0,0,0
2015,"Russian Federation",Ukraine,RUS,UKR,311407,1097,0,0,0,0,0
2015,"Serbia and Kosovo: S/RES/1244 (1999)",Ukraine,SRB,UKR,9,0,0,0,0,0,0
2015,Slovakia,Ukraine,SVK,UKR,18,0,0,0,0,0,0
2015,Sweden,Ukraine,SWE,UKR,133,1697,0,0,0,0,0
2015,Switzerland,Ukraine,CHE,UKR,16,182,0,0,0,0,0
2015,Ukraine,Ukraine,UKR,UKR,0,0,1600000,0,0,0,0
2015,Uruguay,Ukraine,URY,UKR,11,0,0,0,0,0,0
2015,"United States of America",Ukraine,USA,UKR,1486,3859,0,0,0,0,0
2016,Argentina,Ukraine,ARG,UKR,83,184,0,0,0,0,0
2016,Armenia,Ukraine,ARM,UKR,113,5,0,0,0,0,0
2016,Australia,Ukraine,AUS,UKR,20,68,0,0,0,0,0
2016,Austria,Ukraine,AUT,UKR,301,846,0,0,0,0,0
2016,Azerbaijan,Ukraine,AZE,UKR,9,0,0,0,0,0,0
2016,Belgium,Ukraine,BEL,UKR,166,220,0,0,0,0,0
2016,Belarus,Ukraine,BLR,UKR,1184,178,0,0,0,0,0
2016,Brazil,Ukraine,BRA,UKR,7,48,0,0,0,0,0
2016,Bulgaria,Ukraine,BGR,UKR,0,78,0,0,0,0,0
2016,Canada,Ukraine,CAN,UKR,1077,338,0,0,0,0,0
2016,Chile,Ukraine,CHL,UKR,0,5,0,0,0,0,0
2016,"Costa Rica",Ukraine,CRI,UKR,14,0,0,0,0,0,0
2016,Cyprus,Ukraine,CYP,UKR,29,121,0,0,0,0,0
2016,Czechia,Ukraine,CZE,UKR,444,232,0,0,0,0,0
2016,Denmark,Ukraine,DNK,UKR,25,53,0,0,0,0,0
2016,"Dominican Rep.",Ukraine,DOM,UKR,5,0,0,0,0,0,0
2016,Estonia,Ukraine,EST,UKR,80,0,0,0,0,0,0
2016,Finland,Ukraine,FIN,UKR,10,24,0,0,0,0,0
2016,France,Ukraine,FRA,UKR,1382,636,0,0,0,0,0
2016,"United Kingdom of Great Britain and Northern Ireland",Ukraine,GBR,UKR,90,96,0,0,0,0,0
2016,Georgia,Ukraine,GEO,UKR,702,14,0,0,0,0,0
2016,Germany,Ukraine,DEU,UKR,355,6346,0,0,0,0,0
2016,Greece,Ukraine,GRC,UKR,112,144,0,0,0,0,0
2016,Croatia,Ukraine,HRV,UKR,5,0,0,0,0,0,0
2016,Hungary,Ukraine,HUN,UKR,19,5,0,0,0,0,0
2016,Iceland,Ukraine,ISL,UKR,15,0,0,0,0,0,0
2016,India,Ukraine,IND,UKR,0,8,0,0,0,0,0
2016,Ireland,Ukraine,IRL,UKR,108,69,0,0,0,0,0
2016,Israel,Ukraine,ISR,UKR,0,6797,0,0,0,0,0
2016,Italy,Ukraine,ITA,UKR,3720,2544,0,0,0,0,0
2016,Jordan,Ukraine,JOR,UKR,0,27,0,0,0,0,0
2016,Kazakhstan,Ukraine,KAZ,UKR,0,18,0,0,0,0,0
2016,Kyrgyzstan,Ukraine,KGZ,UKR,14,5,0,0,0,0,0
2016,"Rep. of Korea",Ukraine,KOR,UKR,8,11,0,0,0,0,0
2016,Kuwait,Ukraine,KWT,UKR,0,5,0,0,0,0,0
2016,Lebanon,Ukraine,LBN,UKR,0,5,0,0,0,0,5
2016,Liechtenstein,Ukraine,LIE,UKR,5,12,0,0,0,0,0
2016,Lithuania,Ukraine,LTU,UKR,61,5,0,0,0,0,0
2016,Luxembourg,Ukraine,LUX,UKR,6,40,0,0,0,0,0
2016,Mauritania,Ukraine,MRT,UKR,5,0,0,0,0,0,0
2016,"Rep. of Moldova",Ukraine,MDA,UKR,74,31,0,0,0,0,0
2016,Mexico,Ukraine,MEX,UKR,6,0,0,0,0,0,0
2016,Montenegro,Ukraine,MNE,UKR,0,5,0,0,0,0,0
2016,Malta,Ukraine,MLT,UKR,109,64,0,0,0,0,0
2016,"Netherlands (Kingdom of the)",Ukraine,NLD,UKR,32,64,0,0,0,0,0
2016,Norway,Ukraine,NOR,UKR,9,8,0,0,0,0,0
2016,Panama,Ukraine,PAN,UKR,0,6,0,0,0,0,0
2016,Peru,Ukraine,PER,UKR,14,0,0,0,0,0,0
2016,Poland,Ukraine,POL,UKR,114,520,0,0,0,0,0
2016,Portugal,Ukraine,PRT,UKR,328,99,0,0,0,0,0
2016,Romania,Ukraine,ROU,UKR,39,0,0,0,0,0,0
2016,"South Africa",Ukraine,ZAF,UKR,6,8,0,0,0,0,0
2016,"Russian Federation",Ukraine,RUS,UKR,226232,2183,0,0,0,0,0
2016,Spain,Ukraine,ESP,UKR,68,5555,0,0,0,0,0
2016,"Serbia and Kosovo: S/RES/1244 (1999)",Ukraine,SRB,UKR,14,0,0,0,0,0,0
2016,Slovakia,Ukraine,SVK,UKR,21,0,0,0,0,0,0
2016,Sweden,Ukraine,SWE,UKR,203,810,0,0,0,0,0
2016,Switzerland,Ukraine,CHE,UKR,35,113,0,0,0,0,0
2016,Ukraine,Ukraine,UKR,UKR,0,0,1800000,0,0,0,0
2016,Uruguay,Ukraine,URY,UKR,11,0,0,0,0,0,0
2016,"United States of America",Ukraine,USA,UKR,1573,5985,0,0,0,0,0
2017,Argentina,Ukraine,ARG,UKR,94,159,0,0,0,0,0
2017,Armenia,Ukraine,ARM,UKR,113,0,0,0,0,0,0
2017,Australia,Ukraine,AUS,UKR,18,82,0,0,0,0,0
2017,Austria,Ukraine,AUT,UKR,292,770,0,0,0,0,0
2017,Azerbaijan,Ukraine,AZE,UKR,6,0,0,0,0,0,0
2017,Belgium,Ukraine,BEL,UKR,166,195,0,0,0,0,0
2017,Belarus,Ukraine,BLR,UKR,1694,255,0,0,0,0,0
2017,Brazil,Ukraine,BRA,UKR,10,65,0,0,0,0,0
2017,Bulgaria,Ukraine,BGR,UKR,0,50,0,0,0,0,0
2017,Canada,Ukraine,CAN,UKR,1126,432,0,0,0,0,0
2017,"Costa Rica",Ukraine,CRI,UKR,17,0,0,0,0,0,0
2017,Cyprus,Ukraine,CYP,UKR,30,110,0,0,0,0,0
2017,Czechia,Ukraine,CZE,UKR,444,186,0,0,0,0,0
2017,Denmark,Ukraine,DNK,UKR,26,43,0,0,0,0,0
2017,"Dominican Rep.",Ukraine,DOM,UKR,5,0,0,0,0,0,0
2017,Ecuador,Ukraine,ECU,UKR,0,14,0,0,0,0,0
2017,Estonia,Ukraine,EST,UKR,88,0,0,0,0,0,0
2017,Finland,Ukraine,FIN,UKR,10,21,0,0,0,0,0
2017,France,Ukraine,FRA,UKR,1605,439,0,0,0,0,0
2017,"United Kingdom of Great Britain and Northern Ireland",Ukraine,GBR,UKR,110,137,0,0,0,0,0
2017,Georgia,Ukraine,GEO,UKR,654,5,0,0,0,0,0
2017,Germany,Ukraine,DEU,UKR,631,3963,0,0,0,0,0
2017,Greece,Ukraine,GRC,UKR,134,99,0,0,0,0,0
2017,Croatia,Ukraine,HRV,UKR,5,0,0,0,0,0,0
2017,Hungary,Ukraine,HUN,UKR,19,0,0,0,0,0,0
2017,Iceland,Ukraine,ISL,UKR,15,6,0,0,0,0,0
2017,India,Ukraine,IND,UKR,0,6,0,0,0,0,0
2017,Ireland,Ukraine,IRL,UKR,110,66,0,0,0,0,0
2017,Israel,Ukraine,ISR,UKR,0,11507,0,0,0,0,0
2017,Italy,Ukraine,ITA,UKR,4947,4453,0,0,0,0,0
2017,Jordan,Ukraine,JOR,UKR,0,17,0,0,0,0,0
2017,Kyrgyzstan,Ukraine,KGZ,UKR,17,9,0,0,0,0,0
2017,"Rep. of Korea",Ukraine,KOR,UKR,12,18,0,0,0,0,0
2017,Kuwait,Ukraine,KWT,UKR,0,5,0,0,0,0,0
2017,Lebanon,Ukraine,LBN,UKR,0,5,0,0,0,0,5
2017,Liechtenstein,Ukraine,LIE,UKR,5,5,0,0,0,0,0
2017,Lithuania,Ukraine,LTU,UKR,63,21,0,0,0,0,0
2017,Luxembourg,Ukraine,LUX,UKR,6,40,0,0,0,0,0
2017,Mauritania,Ukraine,MRT,UKR,5,0,0,0,0,0,0
2017,"Rep. of Moldova",Ukraine,MDA,UKR,60,16,0,0,0,0,0
2017,Mexico,Ukraine,MEX,UKR,9,0,0,0,0,0,0
2017,Malta,Ukraine,MLT,UKR,120,68,0,0,0,0,0
2017,"Netherlands (Kingdom of the)",Ukraine,NLD,UKR,23,32,0,0,0,0,0
2017,Norway,Ukraine,NOR,UKR,9,0,0,0,0,0,0
2017,"New Zealand",Ukraine,NZL,UKR,0,5,0,0,0,0,0
2017,Panama,Ukraine,PAN,UKR,0,5,0,0,0,0,0
2017,Peru,Ukraine,PER,UKR,15,0,0,0,0,0,0
2017,Poland,Ukraine,POL,UKR,369,333,0,0,0,0,0
2017,Portugal,Ukraine,PRT,UKR,373,0,0,0,0,0,0
2017,Romania,Ukraine,ROU,UKR,37,5,0,0,0,0,0
2017,"Russian Federation",Ukraine,RUS,UKR,123600,1512,0,0,0,0,0
2017,Spain,Ukraine,ESP,UKR,368,4466,0,0,0,0,0
2017,"Serbia and Kosovo: S/RES/1244 (1999)",Ukraine,SRB,UKR,15,0,0,0,0,0,0
2017,Slovakia,Ukraine,SVK,UKR,23,0,0,0,0,0,0
2017,Slovenia,Ukraine,SVN,UKR,5,0,0,0,0,0,0
2017,Sweden,Ukraine,SWE,UKR,208,387,0,0,0,0,0
2017,Switzerland,Ukraine,CHE,UKR,42,84,0,0,0,0,0
2017,Thailand,Ukraine,THA,UKR,5,0,0,0,0,0,0
2017,Ukraine,Ukraine,UKR,UKR,0,0,1800000,0,0,0,0
2017,Uruguay,Ukraine,URY,UKR,11,0,0,0,0,0,0
2017,"United States of America",Ukraine,USA,UKR,1812,7574,0,0,0,0,0
2018,Argentina,Ukraine,ARG,UKR,106,125,0,0,0,0,0
2018,Armenia,Ukraine,ARM,UKR,115,5,0,0,0,0,0
2018,Australia,Ukraine,AUS,UKR,22,87,0,0,0,0,0
2018,Austria,Ukraine,AUT,UKR,282,537,0,0,0,0,0
2018,Azerbaijan,Ukraine,AZE,UKR,5,0,0,0,0,0,0
2018,Belgium,Ukraine,BEL,UKR,166,185,0,0,0,0,0
2018,Belarus,Ukraine,BLR,UKR,1804,133,0,0,0,0,0
2018,Brazil,Ukraine,BRA,UKR,14,65,0,0,0,0,0
2018,Bulgaria,Ukraine,BGR,UKR,0,40,0,0,0,0,0
2018,Canada,Ukraine,CAN,UKR,1319,298,0,0,0,0,0
2018,"Costa Rica",Ukraine,CRI,UKR,17,0,0,0,0,0,0
2018,Cyprus,Ukraine,CYP,UKR,30,120,0,0,0,0,0
2018,Czechia,Ukraine,CZE,UKR,318,241,0,0,0,0,0
2018,Denmark,Ukraine,DNK,UKR,27,46,0,0,0,0,0
2018,Ecuador,Ukraine,ECU,UKR,14,0,0,0,0,0,0
2018,Estonia,Ukraine,EST,UKR,64,9,0,0,0,0,0
2018,Finland,Ukraine,FIN,UKR,8,38,0,0,0,0,0
2018,France,Ukraine,FRA,UKR,1715,703,0,0,0,0,0
2018,"United Kingdom of Great Britain and Northern Ireland",Ukraine,GBR,UKR,144,178,0,0,0,0,0
2018,Georgia,Ukraine,GEO,UKR,617,10,0,0,0,0,0
2018,Germany,Ukraine,DEU,UKR,741,3149,0,0,0,0,0
2018,Greece,Ukraine,GRC,UKR,145,117,0,0,0,0,0
2018,Croatia,Ukraine,HRV,UKR,8,5,0,0,0,0,0
2018,Hungary,Ukraine,HUN,UKR,19,0,0,0,0,0,0
2018,Iceland,Ukraine,ISL,UKR,17,24,0,0,0,0,0
2018,India,Ukraine,IND,UKR,0,7,0,0,0,0,0
2018,Ireland,Ukraine,IRL,UKR,78,53,0,0,0,0,0
2018,Israel,Ukraine,ISR,UKR,0,7857,0,0,0,0,0
2018,Italy,Ukraine,ITA,UKR,5861,4164,0,0,0,0,0
2018,Jordan,Ukraine,JOR,UKR,0,18,0,0,0,0,0
2018,Kyrgyzstan,Ukraine,KGZ,UKR,19,6,0,0,0,0,0
2018,"Rep. of Korea",Ukraine,KOR,UKR,14,59,0,0,0,0,0
2018,Kuwait,Ukraine,KWT,UKR,0,5,0,0,0,0,0
2018,Lebanon,Ukraine,LBN,UKR,0,5,0,0,0,0,0
2018,Liechtenstein,Ukraine,LIE,UKR,5,9,0,0,0,0,0
2018,Lithuania,Ukraine,LTU,UKR,64,7,0,0,0,0,0
2018,Luxembourg,Ukraine,LUX,UKR,6,20,0,0,0,0,0
2018,Mauritania,Ukraine,MRT,UKR,5,0,0,0,0,0,0
2018,"Rep. of Moldova",Ukraine,MDA,UKR,58,10,0,0,0,0,0
2018,Mexico,Ukraine,MEX,UKR,18,5,0,0,0,0,0
2018,Malta,Ukraine,MLT,UKR,136,43,0,0,0,0,0
2018,"Netherlands (Kingdom of the)",Ukraine,NLD,UKR,23,31,0,0,0,0,0
2018,Norway,Ukraine,NOR,UKR,10,14,0,0,0,0,0
2018,Panama,Ukraine,PAN,UKR,0,5,0,0,0,0,0
2018,Peru,Ukraine,PER,UKR,16,0,0,0,0,0,0
2018,Poland,Ukraine,POL,UKR,464,309,0,0,0,0,0
2018,Portugal,Ukraine,PRT,UKR,423,15,0,0,0,0,0
2018,Romania,Ukraine,ROU,UKR,28,7,0,0,0,0,0
2018,"Russian Federation",Ukraine,RUS,UKR,75146,795,0,0,0,0,0
2018,Spain,Ukraine,ESP,UKR,562,4300,0,0,0,0,0
2018,"Serbia and Kosovo: S/RES/1244 (1999)",Ukraine,SRB,UKR,15,0,0,0,0,0,0
2018,Slovakia,Ukraine,SVK,UKR,23,0,0,0,0,0,0
2018,Slovenia,Ukraine,SVN,UKR,5,0,0,0,0,0,0
2018,Sweden,Ukraine,SWE,UKR,215,445,0,0,0,0,0
2018,Switzerland,Ukraine,CHE,UKR,56,0,0,0,0,0,0
2018,Ukraine,Ukraine,UKR,UKR,0,0,1500002,0,0,0,0
2018,Uruguay,Ukraine,URY,UKR,11,0,0,0,0,0,0
2018,"United States of America",Ukraine,USA,UKR,2270,7661,0,0,0,0,0
2019,Argentina,Ukraine,ARG,UKR,117,91,0,0,0,0,0
2019,Armenia,Ukraine,ARM,UKR,116,5,0,0,0,0,0
2019,Australia,Ukraine,AUS,UKR,24,118,0,0,0,0,0
2019,Austria,Ukraine,AUT,UKR,265,313,0,0,0,0,0
2019,Azerbaijan,Ukraine,AZE,UKR,5,0,0,0,0,0,0
2019,Belgium,Ukraine,BEL,UKR,254,105,0,0,0,0,0
2019,Belarus,Ukraine,BLR,UKR,2300,98,0,0,0,0,0
2019,"Bolivia (Plurinational State of)",Ukraine,BOL,UKR,5,0,0,0,0,0,0
2019,Brazil,Ukraine,BRA,UKR,17,79,0,0,0,0,0
2019,Bulgaria,Ukraine,BGR,UKR,0,40,0,0,0,0,0
2019,Canada,Ukraine,CAN,UKR,1199,307,0,0,0,0,0
2019,"Costa Rica",Ukraine,CRI,UKR,13,0,0,0,0,0,0
2019,Cyprus,Ukraine,CYP,UKR,30,135,0,0,0,0,0
2019,Czechia,Ukraine,CZE,UKR,305,146,0,0,0,0,0
2019,Denmark,Ukraine,DNK,UKR,28,29,0,0,0,0,0
2019,Ecuador,Ukraine,ECU,UKR,14,0,0,0,0,0,0
2019,Estonia,Ukraine,EST,UKR,62,0,0,0,0,0,0
2019,Finland,Ukraine,FIN,UKR,11,25,0,0,0,0,0
2019,France,Ukraine,FRA,UKR,1839,1020,0,0,0,0,0
2019,"United Kingdom of Great Britain and Northern Ireland",Ukraine,GBR,UKR,185,233,0,0,0,0,0
2019,Georgia,Ukraine,GEO,UKR,306,6,0,0,0,0,252
2019,Germany,Ukraine,DEU,UKR,847,2312,0,0,0,0,0
2019,Greece,Ukraine,GRC,UKR,151,97,0,0,0,0,0
2019,Croatia,Ukraine,HRV,UKR,8,0,0,0,0,0,0
2019,Hungary,Ukraine,HUN,UKR,15,0,0,0,0,0,0
2019,Iceland,Ukraine,ISL,UKR,18,5,0,0,0,0,0
2019,India,Ukraine,IND,UKR,0,9,0,0,0,0,0
2019,Ireland,Ukraine,IRL,UKR,81,33,0,0,0,0,0
2019,Israel,Ukraine,ISR,UKR,5,5056,0,0,0,0,0
2019,Italy,Ukraine,ITA,UKR,6353,1189,0,0,0,0,0
2019,Jordan,Ukraine,JOR,UKR,0,19,0,0,0,0,0
2019,Kyrgyzstan,Ukraine,KGZ,UKR,23,0,0,0,0,0,0
2019,"Rep. of Korea",Ukraine,KOR,UKR,14,64,0,0,0,0,0
2019,Kuwait,Ukraine,KWT,UKR,0,5,0,0,0,0,0
2019,Lebanon,Ukraine,LBN,UKR,0,0,0,0,0,0,5
2019,Liechtenstein,Ukraine,LIE,UKR,5,0,0,0,0,0,0
2019,Lithuania,Ukraine,LTU,UKR,64,5,0,0,0,0,0
2019,Luxembourg,Ukraine,LUX,UKR,6,25,0,0,0,0,0
2019,Mauritania,Ukraine,MRT,UKR,5,0,0,0,0,0,0
2019,"Rep. of Moldova",Ukraine,MDA,UKR,53,5,0,0,0,0,0
2019,Mexico,Ukraine,MEX,UKR,17,5,0,0,0,0,0
2019,Malta,Ukraine,MLT,UKR,142,59,0,0,0,0,0
2019,"Netherlands (Kingdom of the)",Ukraine,NLD,UKR,20,59,0,0,0,0,0
2019,Norway,Ukraine,NOR,UKR,10,15,0,0,0,0,0
2019,Panama,Ukraine,PAN,UKR,0,5,0,0,0,0,0
2019,Peru,Ukraine,PER,UKR,17,0,0,0,0,0,0
2019,Poland,Ukraine,POL,UKR,485,515,0,0,0,0,0
2019,Portugal,Ukraine,PRT,UKR,436,93,0,0,0,0,0
2019,Romania,Ukraine,ROU,UKR,22,5,0,0,0,0,0
2019,"South Africa",Ukraine,ZAF,UKR,5,0,0,0,0,0,0
2019,"Russian Federation",Ukraine,RUS,UKR,40393,858,0,0,0,0,0
2019,Spain,Ukraine,ESP,UKR,631,6460,0,0,0,0,0
2019,"Serbia and Kosovo: S/RES/1244 (1999)",Ukraine,SRB,UKR,15,0,0,0,0,0,0
2019,Slovakia,Ukraine,SVK,UKR,24,0,0,0,0,0,0
2019,Slovenia,Ukraine,SVN,UKR,5,0,0,0,0,0,0
2019,Sweden,Ukraine,SWE,UKR,223,471,0,0,0,0,0
2019,Switzerland,Ukraine,CHE,UKR,65,50,0,0,0,0,0
2019,Ukraine,Ukraine,UKR,UKR,0,0,734000,0,0,0,1680000
2019,Uruguay,Ukraine,URY,UKR,11,5,0,0,0,0,0
2019,"United States of America",Ukraine,USA,UKR,2580,7817,0,0,0,0,0
2020,Argentina,Ukraine,ARG,UKR,118,88,0,0,0,0,0
2020,Armenia,Ukraine,ARM,UKR,115,0,0,0,0,0,0
2020,Australia,Ukraine,AUS,UKR,24,97,0,0,0,0,0
2020,Austria,Ukraine,AUT,UKR,251,182,0,0,0,0,0
2020,Azerbaijan,Ukraine,AZE,UKR,5,0,0,0,0,0,0
2020,Belgium,Ukraine,BEL,UKR,254,155,0,0,0,0,0
2020,Belarus,Ukraine,BLR,UKR,2471,96,0,0,0,0,0
2020,"Bolivia (Plurinational State of)",Ukraine,BOL,UKR,5,0,0,0,0,0,0
2020,Brazil,Ukraine,BRA,UKR,19,80,0,0,0,0,0
2020,Bulgaria,Ukraine,BGR,UKR,0,32,0,0,0,0,0
2020,Canada,Ukraine,CAN,UKR,1205,190,0,0,0,0,0
2020,"Costa Rica",Ukraine,CRI,UKR,13,0,0,0,0,0,0
2020,Cyprus,Ukraine,CYP,UKR,30,139,0,0,0,0,0
2020,Czechia,Ukraine,CZE,UKR,284,121,0,0,0,0,0
2020,Denmark,Ukraine,DNK,UKR,29,28,0,0,0,0,0
2020,Ecuador,Ukraine,ECU,UKR,15,5,0,0,0,0,0
2020,Estonia,Ukraine,EST,UKR,29,0,0,0,0,0,0
2020,Finland,Ukraine,FIN,UKR,11,43,0,0,0,0,0
2020,France,Ukraine,FRA,UKR,1921,1940,0,0,0,0,0
2020,"United Kingdom of Great Britain and Northern Ireland",Ukraine,GBR,UKR,208,228,0,0,0,0,0
2020,Georgia,Ukraine,GEO,UKR,493,13,0,0,0,0,0
2020,Germany,Ukraine,DEU,UKR,895,1519,0,0,0,0,0
2020,Greece,Ukraine,GRC,UKR,158,63,0,0,0,0,0
2020,Croatia,Ukraine,HRV,UKR,8,0,0,0,0,0,0
2020,Hungary,Ukraine,HUN,UKR,14,0,0,0,0,0,0
2020,Iceland,Ukraine,ISL,UKR,19,0,0,0,0,0,0
2020,India,Ukraine,IND,UKR,0,5,0,0,0,0,0
2020,Ireland,Ukraine,IRL,UKR,85,19,0,0,0,0,0
2020,Israel,Ukraine,ISR,UKR,27,1829,0,0,0,0,0
2020,Italy,Ukraine,ITA,UKR,2920,961,0,0,0,0,0
2020,Jordan,Ukraine,JOR,UKR,0,10,0,0,0,0,0
2020,Kyrgyzstan,Ukraine,KGZ,UKR,21,0,0,0,0,0,0
2020,"Rep. of Korea",Ukraine,KOR,UKR,14,30,0,0,0,0,0
2020,Kuwait,Ukraine,KWT,UKR,0,5,0,0,0,0,0
2020,Lebanon,Ukraine,LBN,UKR,0,0,0,0,0,0,5
2020,Liechtenstein,Ukraine,LIE,UKR,5,0,0,0,0,0,0
2020,Lithuania,Ukraine,LTU,UKR,64,5,0,0,0,0,0
2020,Luxembourg,Ukraine,LUX,UKR,5,5,0,0,0,0,0
2020,"Rep. of Moldova",Ukraine,MDA,UKR,33,5,0,0,0,0,0
2020,Mexico,Ukraine,MEX,UKR,17,5,0,0,0,0,0
2020,Malta,Ukraine,MLT,UKR,141,44,0,0,0,0,0
2020,"Netherlands (Kingdom of the)",Ukraine,NLD,UKR,21,21,0,0,0,0,0
2020,Norway,Ukraine,NOR,UKR,10,9,0,0,0,0,0
2020,Panama,Ukraine,PAN,UKR,0,5,0,0,0,0,0
2020,Peru,Ukraine,PER,UKR,17,0,0,0,0,0,0
2020,Poland,Ukraine,POL,UKR,416,305,0,0,0,0,0
2020,Portugal,Ukraine,PRT,UKR,443,59,0,0,0,0,0
2020,Romania,Ukraine,ROU,UKR,20,5,0,0,0,0,0
2020,"South Africa",Ukraine,ZAF,UKR,5,0,0,0,0,0,0
2020,"Russian Federation",Ukraine,RUS,UKR,18428,148,0,0,0,0,0
2020,Spain,Ukraine,ESP,UKR,922,4290,0,0,0,0,0
2020,"Serbia and Kosovo: S/RES/1244 (1999)",Ukraine,SRB,UKR,15,0,0,0,0,0,0
2020,Slovakia,Ukraine,SVK,UKR,24,0,0,0,0,0,0
2020,Slovenia,Ukraine,SVN,UKR,5,0,0,0,0,0,0
2020,Sweden,Ukraine,SWE,UKR,232,390,0,0,0,0,0
2020,Switzerland,Ukraine,CHE,UKR,80,25,0,0,0,0,0
2020,Ukraine,Ukraine,UKR,UKR,0,0,734000,0,0,0,1620000
2020,Uruguay,Ukraine,URY,UKR,11,5,0,0,0,0,0
2020,"United States of America",Ukraine,USA,UKR,2581,8222,0,0,0,0,0
2021,Argentina,Ukraine,ARG,UKR,121,84,0,0,0,0,0
2021,Armenia,Ukraine,ARM,UKR,117,0,0,0,0,0,0
2021,Australia,Ukraine,AUS,UKR,18,99,0,0,0,0,0
2021,Austria,Ukraine,AUT,UKR,253,113,0,0,0,0,0
2021,Azerbaijan,Ukraine,AZE,UKR,5,0,0,0,0,0,0
2021,Belgium,Ukraine,BEL,UKR,289,155,0,0,0,0,0
2021,Belarus,Ukraine,BLR,UKR,2378,14,0,0,0,0,0
2021,"Bolivia (Plurinational State of)",Ukraine,BOL,UKR,5,0,0,0,0,0,0
2021,Brazil,Ukraine,BRA,UKR,20,83,0,0,0,0,0
2021,Bulgaria,Ukraine,BGR,UKR,0,6,0,0,0,0,0
2021,Canada,Ukraine,CAN,UKR,1228,98,0,0,0,0,0
2021,"Costa Rica",Ukraine,CRI,UKR,13,5,0,0,0,0,0
2021,Cyprus,Ukraine,CYP,UKR,31,64,0,0,0,0,0
2021,Czechia,Ukraine,CZE,UKR,225,120,0,0,0,0,0
2021,Denmark,Ukraine,DNK,UKR,29,14,0,0,0,0,0
2021,Ecuador,Ukraine,ECU,UKR,15,0,0,0,0,0,0
2021,Estonia,Ukraine,EST,UKR,28,0,0,0,0,0,0
2021,Finland,Ukraine,FIN,UKR,11,14,0,0,0,0,0
2021,France,Ukraine,FRA,UKR,2801,588,0,0,0,0,0
2021,"United Kingdom of Great Britain and Northern Ireland",Ukraine,GBR,UKR,225,266,0,0,0,0,0
2021,Georgia,Ukraine,GEO,UKR,481,0,0,0,0,0,0
2021,Germany,Ukraine,DEU,UKR,918,1328,0,0,0,0,0
2021,Greece,Ukraine,GRC,UKR,169,99,0,0,0,0,0
2021,Croatia,Ukraine,HRV,UKR,8,0,0,0,0,0,0
2021,Hungary,Ukraine,HUN,UKR,13,0,0,0,0,0,0
2021,Iceland,Ukraine,ISL,UKR,20,0,0,0,0,0,0
2021,India,Ukraine,IND,UKR,0,5,0,0,0,0,0
2021,Ireland,Ukraine,IRL,UKR,79,15,0,0,0,0,0
2021,Israel,Ukraine,ISR,UKR,27,544,0,0,0,0,0
2021,Italy,Ukraine,ITA,UKR,3379,680,0,0,0,0,0
2021,Jordan,Ukraine,JOR,UKR,0,9,0,0,0,0,0
2021,Kyrgyzstan,Ukraine,KGZ,UKR,18,0,0,0,0,0,0
2021,"Rep. of Korea",Ukraine,KOR,UKR,14,24,0,0,0,0,0
2021,Kuwait,Ukraine,KWT,UKR,0,5,0,0,0,0,0
2021,Lebanon,Ukraine,LBN,UKR,0,0,0,0,0,0,5
2021,Liechtenstein,Ukraine,LIE,UKR,5,0,0,0,0,0,0
2021,Lithuania,Ukraine,LTU,UKR,64,5,0,0,0,0,0
2021,Luxembourg,Ukraine,LUX,UKR,5,10,0,0,0,0,0
2021,Latvia,Ukraine,LVA,UKR,0,5,0,0,0,0,0
2021,"Rep. of Moldova",Ukraine,MDA,UKR,18,7,0,0,0,0,0
2021,Mexico,Ukraine,MEX,UKR,19,5,0,0,0,0,0
2021,Malta,Ukraine,MLT,UKR,142,54,0,0,0,0,0
2021,"Netherlands (Kingdom of the)",Ukraine,NLD,UKR,34,35,0,0,0,0,0
2021,Norway,Ukraine,NOR,UKR,13,0,0,0,0,0,0
2021,Panama,Ukraine,PAN,UKR,0,5,0,0,0,0,0
2021,Peru,Ukraine,PER,UKR,17,0,0,0,0,0,0
2021,Poland,Ukraine,POL,UKR,422,109,0,0,0,0,0
2021,Portugal,Ukraine,PRT,UKR,447,40,0,0,0,0,0
2021,Romania,Ukraine,ROU,UKR,17,0,0,0,0,0,0
2021,"South Africa",Ukraine,ZAF,UKR,5,0,0,0,0,0,0
2021,"Russian Federation",Ukraine,RUS,UKR,8921,126,0,0,0,0,0
2021,Spain,Ukraine,ESP,UKR,1515,2820,0,0,0,0,0
2021,"Serbia and Kosovo: S/RES/1244 (1999)",Ukraine,SRB,UKR,15,0,0,0,0,0,0
2021,Slovakia,Ukraine,SVK,UKR,24,0,0,0,0,0,0
2021,Slovenia,Ukraine,SVN,UKR,5,0,0,0,0,0,0
2021,Sweden,Ukraine,SWE,UKR,226,334,0,0,0,0,0
2021,Switzerland,Ukraine,CHE,UKR,91,29,0,0,0,0,0
2021,Ukraine,Ukraine,UKR,UKR,0,0,854000,0,0,0,1424800
2021,Uruguay,Ukraine,URY,UKR,11,6,0,0,0,0,0
2021,"United States of America",Ukraine,USA,UKR,2608,11404,0,0,0,0,0
2024,Albania,Ukraine,ALB,UKR,9250,0,0,0,0,0,0
2024,Egypt,Ukraine,EGY,UKR,0,10,0,0,0,0,0
2024,Argentina,Ukraine,ARG,UKR,121,26,0,0,0,0,0
2024,Armenia,Ukraine,ARM,UKR,706,63,0,0,0,0,0
2024,Australia,Ukraine,AUS,UKR,34,1019,0,0,0,0,0
2024,Austria,Ukraine,AUT,UKR,84987,56,0,0,0,0,0
2024,Azerbaijan,Ukraine,AZE,UKR,4906,206,0,0,0,0,0
2024,Belgium,Ukraine,BEL,UKR,85635,887,0,0,0,0,0
2024,Belarus,Ukraine,BLR,UKR,43114,1199,0,0,0,0,0
2024,"Bolivia (Plurinational State of)",Ukraine,BOL,UKR,7,9,0,0,0,0,0
2024,Brazil,Ukraine,BRA,UKR,1330,34,0,0,0,0,0
2024,"Bosnia and Herzegovina",Ukraine,BIH,UKR,267,5,0,0,0,0,0
2024,Bulgaria,Ukraine,BGR,UKR,74322,5,0,0,0,0,0
2024,Canada,Ukraine,CAN,UKR,75221,824,0,0,0,0,0
2024,China,Ukraine,CHN,UKR,0,18,0,0,0,0,0
2024,Chile,Ukraine,CHL,UKR,67,45,0,0,0,0,0
2024,Colombia,Ukraine,COL,UKR,9,25,0,0,0,0,0
2024,"Costa Rica",Ukraine,CRI,UKR,35,18,0,0,0,0,0
2024,Cyprus,Ukraine,CYP,UKR,21875,85,0,0,0,0,0
2024,Czechia,Ukraine,CZE,UKR,388388,126,0,0,0,0,0
2024,Denmark,Ukraine,DNK,UKR,36058,640,0,0,0,0,0
2024,"Dominican Rep.",Ukraine,DOM,UKR,5,28,0,0,0,0,0
2024,Ecuador,Ukraine,ECU,UKR,102,8,0,0,0,0,0
2024,Estonia,Ukraine,EST,UKR,41729,98,0,0,0,0,0
2024,Finland,Ukraine,FIN,UKR,68589,197,0,0,0,0,0
2024,France,Ukraine,FRA,UKR,68929,6296,0,0,0,0,0
2024,"United Kingdom of Great Britain and Northern Ireland",Ukraine,GBR,UKR,255141,945,0,0,0,0,0
2024,Georgia,Ukraine,GEO,UKR,29914,85,0,0,0,0,0
2024,Germany,Ukraine,DEU,UKR,1205729,1830,0,0,0,0,0
2024,Ghana,Ukraine,GHA,UKR,0,5,0,0,0,0,0
2024,Greece,Ukraine,GRC,UKR,32830,61,0,0,0,0,0
2024,Guatemala,Ukraine,GTM,UKR,5,0,0,0,0,0,0
2024,Croatia,Ukraine,HRV,UKR,27256,11,0,0,0,0,0
2024,Hungary,Ukraine,HUN,UKR,62987,0,0,0,0,0,0
2024,Iceland,Ukraine,ISL,UKR,4029,27,0,0,0,0,0
2024,India,Ukraine,IND,UKR,0,89,0,0,0,0,0
2024,Ireland,Ukraine,IRL,UKR,109081,451,0,0,0,0,0
2024,Iraq,Ukraine,IRQ,UKR,0,5,0,0,0,0,0
2024,Israel,Ukraine,ISR,UKR,39,262,0,0,0,0,25000
2024,Italy,Ukraine,ITA,UKR,167780,1875,0,0,0,0,0
2024,Japan,Ukraine,JPN,UKR,2058,0,0,0,0,0,0
2024,Kazakhstan,Ukraine,KAZ,UKR,99,146,0,0,0,0,0
2024,Kenya,Ukraine,KEN,UKR,0,5,0,0,0,0,0
2024,Kyrgyzstan,Ukraine,KGZ,UKR,21,30,0,0,0,0,0
2024,"Rep. of Korea",Ukraine,KOR,UKR,23,37,0,0,0,0,0
2024,Lebanon,Ukraine,LBN,UKR,0,15,0,0,0,0,5
2024,Liechtenstein,Ukraine,LIE,UKR,727,0,0,0,0,0,0
2024,Lithuania,Ukraine,LTU,UKR,50641,10,0,0,0,0,0
2024,Luxembourg,Ukraine,LUX,UKR,3747,40,0,0,0,0,0
2024,Latvia,Ukraine,LVA,UKR,47687,5,0,0,0,0,0
2024,"North Macedonia",Ukraine,MKD,UKR,20741,0,0,0,0,0,0
2024,"Rep. of Moldova",Ukraine,MDA,UKR,135486,375,0,0,0,0,0
2024,Mexico,Ukraine,MEX,UKR,102,130,0,0,0,0,17
2024,Montenegro,Ukraine,MNE,UKR,18558,0,0,0,0,0,0
2024,Morocco,Ukraine,MAR,UKR,0,5,0,0,0,0,0
2024,Malta,Ukraine,MLT,UKR,2591,110,0,0,0,0,0
2024,Nepal,Ukraine,NPL,UKR,0,8,0,0,0,0,0
2024,"Netherlands (Kingdom of the)",Ukraine,NLD,UKR,118974,564,0,0,0,0,0
2024,Nigeria,Ukraine,NGA,UKR,0,5,0,0,0,0,0
2024,Norway,Ukraine,NOR,UKR,79112,877,0,0,0,0,0
2024,"New Zealand",Ukraine,NZL,UKR,23,5,0,0,0,0,0
2024,Panama,Ukraine,PAN,UKR,21,5,0,0,0,0,0
2024,Paraguay,Ukraine,PRY,UKR,9,5,0,0,0,0,0
2024,Peru,Ukraine,PER,UKR,31,109,0,0,0,0,0
2024,Philippines,Ukraine,PHL,UKR,0,48,0,0,0,0,0
2024,Poland,Ukraine,POL,UKR,991223,3448,0,0,0,0,0
2024,Portugal,Ukraine,PRT,UKR,57141,16,0,0,0,0,0
2024,Romania,Ukraine,ROU,UKR,177996,5,0,0,0,0,0
2024,"South Africa",Ukraine,ZAF,UKR,5,5,0,0,0,0,0
2024,"Russian Federation",Ukraine,RUS,UKR,6894,149,0,0,0,0,0
2024,Spain,Ukraine,ESP,UKR,222544,1010,0,0,0,0,0
2024,"Serbia and Kosovo: S/RES/1244 (1999)",Ukraine,SRB,UKR,10719,0,0,0,0,0,61
2024,Slovakia,Ukraine,SVK,UKR,142172,10,0,0,0,0,0
2024,Slovenia,Ukraine,SVN,UKR,11296,127,0,0,0,0,0
2024,Sweden,Ukraine,SWE,UKR,45993,151,0,0,0,0,0
2024,Switzerland,Ukraine,CHE,UKR,66894,639,0,0,0,0,0
2024,"United Rep. of Tanzania",Ukraine,TZA,UKR,0,13,0,0,0,0,0
2024,Tunisia,Ukraine,TUN,UKR,0,6,0,0,0,0,0
2024,Türkiye,Ukraine,TUR,UKR,2616,0,0,0,0,0,0
2024,Ukraine,Ukraine,UKR,UKR,0,0,3665000,0,0,0,851644
2024,Uruguay,Ukraine,URY,UKR,18,5,0,0,0,0,0
2024,"United States of America",Ukraine,USA,UKR,3397,18658,0,0,0,0,0
2025,Albania,Ukraine,ALB,UKR,10763,0,0,0,0,0,0
2025,Egypt,Ukraine,EGY,UKR,0,10,0,0,0,0,0
2025,Argentina,Ukraine,ARG,UKR,121,32,0,0,0,0,0
2025,Armenia,Ukraine,ARM,UKR,4768,24,0,0,0,0,0
2025,Australia,Ukraine,AUS,UKR,3520,1272,0,0,0,0,23
2025,Austria,Ukraine,AUT,UKR,84785,52,0,0,0,0,0
2025,Azerbaijan,Ukraine,AZE,UKR,4893,150,0,0,0,0,0
2025,Belgium,Ukraine,BEL,UKR,89072,638,0,0,0,0,0
2025,Benin,Ukraine,BEN,UKR,0,5,0,0,0,0,0
2025,Belarus,Ukraine,BLR,UKR,41557,1255,0,0,0,0,0
2025,"Bolivia (Plurinational State of)",Ukraine,BOL,UKR,7,9,0,0,0,0,0
2025,Brazil,Ukraine,BRA,UKR,1459,26,0,0,0,0,0
2025,"Bosnia and Herzegovina",Ukraine,BIH,UKR,293,5,0,0,0,0,5
2025,Bulgaria,Ukraine,BGR,UKR,67875,5,0,0,0,0,0
2025,Canada,Ukraine,CAN,UKR,232381,1115,0,0,0,0,0
2025,China,Ukraine,CHN,UKR,0,18,0,0,0,0,0
2025,Chile,Ukraine,CHL,UKR,68,51,0,0,0,0,0
2025,Colombia,Ukraine,COL,UKR,9,0,0,0,0,0,0
2025,"Costa Rica",Ukraine,CRI,UKR,34,15,0,0,0,0,0
2025,Cyprus,Ukraine,CYP,UKR,23853,43,0,0,0,0,0
2025,Czechia,Ukraine,CZE,UKR,378251,117,0,0,0,0,0
2025,Denmark,Ukraine,DNK,UKR,39279,641,0,0,0,0,0
2025,"Dominican Rep.",Ukraine,DOM,UKR,5,28,0,0,0,0,0
2025,Ecuador,Ukraine,ECU,UKR,110,7,0,0,0,0,0
2025,Estonia,Ukraine,EST,UKR,40901,151,0,0,0,0,0
2025,Finland,Ukraine,FIN,UKR,72247,145,0,0,0,0,0
2025,France,Ukraine,FRA,UKR,70260,8859,0,0,0,0,0
2025,"United Kingdom of Great Britain and Northern Ireland",Ukraine,GBR,UKR,262436,1311,0,0,0,0,0
2025,Georgia,Ukraine,GEO,UKR,29124,102,0,0,0,0,0
2025,Germany,Ukraine,DEU,UKR,1193063,1654,0,0,0,0,0
2025,Ghana,Ukraine,GHA,UKR,0,5,0,0,0,0,0
2025,Greece,Ukraine,GRC,UKR,36268,61,0,0,0,0,0
2025,Guatemala,Ukraine,GTM,UKR,5,5,0,0,0,0,0
2025,Croatia,Ukraine,HRV,UKR,26873,11,0,0,0,0,0
2025,Hungary,Ukraine,HUN,UKR,63326,0,0,0,0,0,0
2025,Iceland,Ukraine,ISL,UKR,4270,25,0,0,0,0,0
2025,India,Ukraine,IND,UKR,0,93,0,0,0,0,0
2025,Ireland,Ukraine,IRL,UKR,112446,359,0,0,0,0,0
2025,Iraq,Ukraine,IRQ,UKR,0,6,0,0,0,0,0
2025,Israel,Ukraine,ISR,UKR,39,262,0,0,0,0,25000
2025,Italy,Ukraine,ITA,UKR,173620,2012,0,0,0,0,0
2025,Japan,Ukraine,JPN,UKR,2058,0,0,0,0,0,0
2025,Kazakhstan,Ukraine,KAZ,UKR,92,116,0,0,0,0,0
2025,Kenya,Ukraine,KEN,UKR,0,5,0,0,0,0,0
2025,Kyrgyzstan,Ukraine,KGZ,UKR,34,21,0,0,0,0,0
2025,"Rep. of Korea",Ukraine,KOR,UKR,23,39,0,0,0,0,0
2025,Lebanon,Ukraine,LBN,UKR,0,18,0,0,0,0,5
2025,Liechtenstein,Ukraine,LIE,UKR,763,0,0,0,0,0,0
2025,Lithuania,Ukraine,LTU,UKR,49248,5,0,0,0,0,0
2025,Luxembourg,Ukraine,LUX,UKR,3648,50,0,0,0,0,0
2025,Latvia,Ukraine,LVA,UKR,31661,0,0,0,0,0,0
2025,"North Macedonia",Ukraine,MKD,UKR,20741,0,0,0,0,0,0
2025,"Rep. of Moldova",Ukraine,MDA,UKR,132775,186,0,0,0,0,0
2025,Mexico,Ukraine,MEX,UKR,118,68,0,0,0,0,0
2025,Montenegro,Ukraine,MNE,UKR,18992,5,0,0,0,0,0
2025,Morocco,Ukraine,MAR,UKR,0,5,0,0,0,0,0
2025,Malta,Ukraine,MLT,UKR,2335,90,0,0,0,0,0
2025,Nepal,Ukraine,NPL,UKR,0,8,0,0,0,0,0
2025,"Netherlands (Kingdom of the)",Ukraine,NLD,UKR,123542,399,0,0,0,0,0
2025,Norway,Ukraine,NOR,UKR,79577,967,0,0,0,0,0
2025,"New Zealand",Ukraine,NZL,UKR,18,5,0,0,0,0,0
2025,Panama,Ukraine,PAN,UKR,21,5,0,0,0,0,0
2025,Paraguay,Ukraine,PRY,UKR,10,11,0,0,0,0,0
2025,Peru,Ukraine,PER,UKR,31,110,0,0,0,0,0
2025,Philippines,Ukraine,PHL,UKR,0,53,0,0,0,0,0
2025,Poland,Ukraine,POL,UKR,995247,5785,0,0,0,0,0
2025,Portugal,Ukraine,PRT,UKR,55872,20,0,0,0,0,0
2025,Romania,Ukraine,ROU,UKR,186040,0,0,0,0,0,0
2025,"South Africa",Ukraine,ZAF,UKR,0,5,0,0,0,0,0
2025,"Russian Federation",Ukraine,RUS,UKR,6121,163,0,0,0,0,0
2025,Spain,Ukraine,ESP,UKR,237005,1035,0,0,0,0,0
2025,"Serbia and Kosovo: S/RES/1244 (1999)",Ukraine,SRB,UKR,14057,0,0,0,0,0,54
2025,Slovakia,Ukraine,SVK,UKR,143836,10,0,0,0,0,0
2025,Slovenia,Ukraine,SVN,UKR,10620,138,0,0,0,0,0
2025,Sweden,Ukraine,SWE,UKR,44075,139,0,0,0,0,0
2025,Switzerland,Ukraine,CHE,UKR,67906,895,0,0,0,0,0
2025,"United Rep. of Tanzania",Ukraine,TZA,UKR,0,12,0,0,0,0,0
2025,Türkiye,Ukraine,TUR,UKR,2399,0,0,0,0,0,0
2025,Ukraine,Ukraine,UKR,UKR,0,0,3757000,0,0,0,262730
2025,Uruguay,Ukraine,URY,UKR,18,5,0,0,0,0,0
2025,"United States of America",Ukraine,USA,UKR,3397,18658,0,0,0,0,0
2023,Albania,Ukraine,ALB,UKR,4959,0,0,0,0,0,0
2023,Egypt,Ukraine,EGY,UKR,0,9,0,0,0,0,0
2023,Argentina,Ukraine,ARG,UKR,121,39,0,0,0,0,0
2023,Armenia,Ukraine,ARM,UKR,599,46,0,0,0,0,0
2023,Australia,Ukraine,AUS,UKR,7472,809,0,0,0,0,0
2023,Austria,Ukraine,AUT,UKR,83748,68,0,0,0,0,0
2023,Azerbaijan,Ukraine,AZE,UKR,4206,107,0,0,0,0,0
2023,Belgium,Ukraine,BEL,UKR,75260,0,0,0,0,0,0
2023,Belarus,Ukraine,BLR,UKR,39645,282,0,0,0,0,0
2023,"Bolivia (Plurinational State of)",Ukraine,BOL,UKR,7,10,0,0,0,0,0
2023,Brazil,Ukraine,BRA,UKR,1129,30,0,0,0,0,0
2023,"Bosnia and Herzegovina",Ukraine,BIH,UKR,185,8,0,0,0,0,0
2023,Bulgaria,Ukraine,BGR,UKR,68276,5,0,0,0,0,0
2023,Canada,Ukraine,CAN,UKR,75055,191,0,0,0,0,0
2023,China,Ukraine,CHN,UKR,0,20,0,0,0,0,0
2023,Chile,Ukraine,CHL,UKR,67,43,0,0,0,0,0
2023,Colombia,Ukraine,COL,UKR,8,24,0,0,0,0,0
2023,"Costa Rica",Ukraine,CRI,UKR,13,44,0,0,0,0,0
2023,Cyprus,Ukraine,CYP,UKR,19019,111,0,0,0,0,0
2023,Czechia,Ukraine,CZE,UKR,374247,100,0,0,0,0,0
2023,Denmark,Ukraine,DNK,UKR,35940,749,0,0,0,0,0
2023,"Dominican Rep.",Ukraine,DOM,UKR,6,12,0,0,0,0,0
2023,Ecuador,Ukraine,ECU,UKR,92,0,0,0,0,0,0
2023,Estonia,Ukraine,EST,UKR,41463,294,0,0,0,0,0
2023,Finland,Ukraine,FIN,UKR,63503,327,0,0,0,0,0
2023,France,Ukraine,FRA,UKR,68181,1866,0,0,0,0,0
2023,"United Kingdom of Great Britain and Northern Ireland",Ukraine,GBR,UKR,225497,327,0,0,0,0,0
2023,Georgia,Ukraine,GEO,UKR,24751,30,0,0,0,0,0
2023,Germany,Ukraine,DEU,UKR,1097503,1640,0,0,0,0,0
2023,Ghana,Ukraine,GHA,UKR,0,5,0,0,0,0,0
2023,Greece,Ukraine,GRC,UKR,27043,70,0,0,0,0,0
2023,Guatemala,Ukraine,GTM,UKR,0,5,0,0,0,0,0
2023,Croatia,Ukraine,HRV,UKR,23733,0,0,0,0,0,0
2023,Hungary,Ukraine,HUN,UKR,57401,0,0,0,0,0,0
2023,Iceland,Ukraine,ISL,UKR,5425,25,0,0,0,0,0
2023,India,Ukraine,IND,UKR,0,66,0,0,0,0,0
2023,Ireland,Ukraine,IRL,UKR,100545,291,0,0,0,0,0
2023,Iraq,Ukraine,IRQ,UKR,0,5,0,0,0,0,0
2023,Israel,Ukraine,ISR,UKR,31,306,0,0,0,0,30000
2023,Italy,Ukraine,ITA,UKR,164667,1331,0,0,0,0,0
2023,Jordan,Ukraine,JOR,UKR,0,5,0,0,0,0,0
2023,Japan,Ukraine,JPN,UKR,2077,0,0,0,0,0,0
2023,Kazakhstan,Ukraine,KAZ,UKR,68,207,0,0,0,0,0
2023,Kyrgyzstan,Ukraine,KGZ,UKR,13,22,0,0,0,0,0
2023,"Rep. of Korea",Ukraine,KOR,UKR,20,29,0,0,0,0,0
2023,Libya,Ukraine,LBY,UKR,0,5,0,0,0,0,0
2023,Lebanon,Ukraine,LBN,UKR,0,19,0,0,0,0,5
2023,Liechtenstein,Ukraine,LIE,UKR,577,0,0,0,0,0,0
2023,Lithuania,Ukraine,LTU,UKR,77340,5,0,0,0,0,0
2023,Luxembourg,Ukraine,LUX,UKR,5365,40,0,0,0,0,0
2023,Latvia,Ukraine,LVA,UKR,44307,5,0,0,0,0,0
2023,"North Macedonia",Ukraine,MKD,UKR,18703,0,0,0,0,0,0
2023,"Rep. of Moldova",Ukraine,MDA,UKR,120564,131,0,0,0,0,0
2023,Mexico,Ukraine,MEX,UKR,85,126,0,0,0,0,10
2023,Montenegro,Ukraine,MNE,UKR,64640,0,0,0,0,0,0
2023,Malta,Ukraine,MLT,UKR,2192,89,0,0,0,0,0
2023,Nepal,Ukraine,NPL,UKR,0,6,0,0,0,0,0
2023,"Netherlands (Kingdom of the)",Ukraine,NLD,UKR,105338,1290,0,0,0,0,0
2023,Nigeria,Ukraine,NGA,UKR,0,5,0,0,0,0,0
2023,Norway,Ukraine,NOR,UKR,66450,948,0,0,0,0,0
2023,"New Zealand",Ukraine,NZL,UKR,10,14,0,0,0,0,0
2023,Panama,Ukraine,PAN,UKR,19,5,0,0,0,0,0
2023,Paraguay,Ukraine,PRY,UKR,9,0,0,0,0,0,0
2023,Peru,Ukraine,PER,UKR,30,90,0,0,0,0,0
2023,Philippines,Ukraine,PHL,UKR,0,45,0,0,0,0,0
2023,Poland,Ukraine,POL,UKR,955891,1005,0,0,0,0,0
2023,Portugal,Ukraine,PRT,UKR,51566,17,0,0,0,0,0
2023,Romania,Ukraine,ROU,UKR,81493,6,0,0,0,0,0
2023,"Russian Federation",Ukraine,RUS,UKR,1227554,257,0,0,0,0,0
2023,Spain,Ukraine,ESP,UKR,191327,1145,0,0,0,0,0
2023,"Serbia and Kosovo: S/RES/1244 (1999)",Ukraine,SRB,UKR,4063,0,0,0,0,0,49
2023,Slovakia,Ukraine,SVK,UKR,124962,0,0,0,0,0,0
2023,Slovenia,Ukraine,SVN,UKR,9467,47,0,0,0,0,0
2023,Sweden,Ukraine,SWE,UKR,43467,1111,0,0,0,0,0
2023,Switzerland,Ukraine,CHE,UKR,66419,225,0,0,0,0,0
2023,Tunisia,Ukraine,TUN,UKR,0,21,0,0,0,0,0
2023,Türkiye,Ukraine,TUR,UKR,3232,0,0,0,0,0,0
2023,Ukraine,Ukraine,UKR,UKR,0,0,3689000,0,0,0,958361
2023,Uruguay,Ukraine,URY,UKR,18,0,0,0,0,0,0
2023,"United States of America",Ukraine,USA,UKR,3299,17773,0,0,0,0,0
2022,Albania,Ukraine,ALB,UKR,2542,5,0,0,0,0,0
2022,Egypt,Ukraine,EGY,UKR,0,5,0,0,0,0,0
2022,Argentina,Ukraine,ARG,UKR,121,59,0,0,0,0,0
2022,Armenia,Ukraine,ARM,UKR,406,122,0,0,0,0,0
2022,Australia,Ukraine,AUS,UKR,1527,502,0,0,0,0,0
2022,Austria,Ukraine,AUT,UKR,89862,249,0,0,0,0,0
2022,Azerbaijan,Ukraine,AZE,UKR,4770,77,0,0,0,0,0
2022,Belgium,Ukraine,BEL,UKR,61975,685,0,0,0,0,0
2022,Belarus,Ukraine,BLR,UKR,19384,532,0,0,0,0,0
2022,"Bolivia (Plurinational State of)",Ukraine,BOL,UKR,5,0,0,0,0,0,0
2022,Brazil,Ukraine,BRA,UKR,43,65,0,0,0,0,0
2022,"Bosnia and Herzegovina",Ukraine,BIH,UKR,147,0,0,0,0,0,0
2022,Bulgaria,Ukraine,BGR,UKR,149215,16,0,0,0,0,0
2022,Canada,Ukraine,CAN,UKR,75098,196,0,0,0,0,0
2022,China,Ukraine,CHN,UKR,0,18,0,0,0,0,0
2022,Chile,Ukraine,CHL,UKR,46,53,0,0,0,0,0
2022,Colombia,Ukraine,COL,UKR,8,21,0,0,0,0,0
2022,"Costa Rica",Ukraine,CRI,UKR,13,40,0,0,0,0,0
2022,Cyprus,Ukraine,CYP,UKR,12472,94,0,0,0,0,0
2022,Czechia,Ukraine,CZE,UKR,433501,137,0,0,0,0,0
2022,Denmark,Ukraine,DNK,UKR,32839,867,0,0,0,0,0
2022,"Dominican Rep.",Ukraine,DOM,UKR,0,14,0,0,0,0,0
2022,Ecuador,Ukraine,ECU,UKR,79,5,0,0,0,0,0
2022,Estonia,Ukraine,EST,UKR,40298,518,0,0,0,0,0
2022,Finland,Ukraine,FIN,UKR,44953,553,0,0,0,0,0
2022,France,Ukraine,FRA,UKR,69302,1270,0,0,0,0,0
2022,"United Kingdom of Great Britain and Northern Ireland",Ukraine,GBR,UKR,182423,976,0,0,0,0,0
2022,Georgia,Ukraine,GEO,UKR,26446,52,0,0,0,0,0
2022,Germany,Ukraine,DEU,UKR,1002999,1383,0,0,0,0,0
2022,Ghana,Ukraine,GHA,UKR,0,5,0,0,0,0,0
2022,Greece,Ukraine,GRC,UKR,21827,104,0,0,0,0,0
2022,Guatemala,Ukraine,GTM,UKR,0,5,0,0,0,0,0
2022,Croatia,Ukraine,HRV,UKR,19416,0,0,0,0,0,0
2022,Hungary,Ukraine,HUN,UKR,29632,5,0,0,0,0,0
2022,Iceland,Ukraine,ISL,UKR,2335,0,0,0,0,0,0
2022,India,Ukraine,IND,UKR,0,58,0,0,0,0,0
2022,Ireland,Ukraine,IRL,UKR,70578,238,0,0,0,0,0
2022,Iraq,Ukraine,IRQ,UKR,0,5,0,0,0,0,0
2022,Israel,Ukraine,ISR,UKR,30,384,0,0,0,0,30000
2022,Italy,Ukraine,ITA,UKR,149872,1878,0,0,0,0,0
2022,Jordan,Ukraine,JOR,UKR,0,10,0,0,0,0,0
2022,Japan,Ukraine,JPN,UKR,2013,0,0,0,0,0,0
2022,Kazakhstan,Ukraine,KAZ,UKR,0,550,0,0,0,0,0
2022,Kyrgyzstan,Ukraine,KGZ,UKR,14,10,0,0,0,0,0
2022,"Rep. of Korea",Ukraine,KOR,UKR,17,22,0,0,0,0,0
2022,Lebanon,Ukraine,LBN,UKR,0,16,0,0,0,0,8
2022,Liechtenstein,Ukraine,LIE,UKR,402,0,0,0,0,0,0
2022,Lithuania,Ukraine,LTU,UKR,65175,0,0,0,0,0,0
2022,Luxembourg,Ukraine,LUX,UKR,4500,25,0,0,0,0,0
2022,Latvia,Ukraine,LVA,UKR,37800,10,0,0,0,0,0
2022,"North Macedonia",Ukraine,MKD,UKR,6816,0,0,0,0,0,0
2022,"Rep. of Moldova",Ukraine,MDA,UKR,98910,3194,0,0,0,0,0
2022,Mexico,Ukraine,MEX,UKR,31,149,0,0,0,0,17779
2022,Montenegro,Ukraine,MNE,UKR,32346,5,0,0,0,0,0
2022,Malta,Ukraine,MLT,UKR,1765,54,0,0,0,0,0
2022,Nepal,Ukraine,NPL,UKR,0,5,0,0,0,0,0
2022,"Netherlands (Kingdom of the)",Ukraine,NLD,UKR,102643,1059,0,0,0,0,0
2022,Nigeria,Ukraine,NGA,UKR,0,5,0,0,0,0,0
2022,Norway,Ukraine,NOR,UKR,33243,10,0,0,0,0,0
2022,"New Zealand",Ukraine,NZL,UKR,5,17,0,0,0,0,0
2022,Panama,Ukraine,PAN,UKR,11,10,0,0,0,0,0
2022,Paraguay,Ukraine,PRY,UKR,9,0,0,0,0,0,0
2022,Peru,Ukraine,PER,UKR,29,7,0,0,0,0,0
2022,Philippines,Ukraine,PHL,UKR,0,14,0,0,0,0,0
2022,Poland,Ukraine,POL,UKR,958147,372,0,0,0,0,0
2022,Portugal,Ukraine,PRT,UKR,44960,29,0,0,0,0,0
2022,Romania,Ukraine,ROU,UKR,100086,42,0,0,0,0,0
2022,"Russian Federation",Ukraine,RUS,UKR,1275315,610,0,0,0,0,0
2022,Spain,Ukraine,ESP,UKR,159194,1515,0,0,0,0,0
2022,"Serbia and Kosovo: S/RES/1244 (1999)",Ukraine,SRB,UKR,1108,0,0,0,0,0,0
2022,Slovakia,Ukraine,SVK,UKR,94858,0,0,0,0,0,0
2022,Slovenia,Ukraine,SVN,UKR,7748,16,0,0,0,0,0
2022,Sweden,Ukraine,SWE,UKR,46857,989,0,0,0,0,0
2022,Switzerland,Ukraine,CHE,UKR,60162,109,0,0,0,0,0
2022,Tunisia,Ukraine,TUN,UKR,0,29,0,0,0,0,0
2022,Türkiye,Ukraine,TUR,UKR,2768,2189,0,0,0,0,0
2022,Ukraine,Ukraine,UKR,UKR,0,0,5914000,0,0,0,497343
2022,Uruguay,Ukraine,URY,UKR,18,0,0,0,0,0,0
2022,"United States of America",Ukraine,USA,UKR,3063,12369,0,0,0,0,0
